Key,TÂ°C
Austria1901,5.41
Austria1902,5.34
Austria1903,5.88
Austria1904,6.22
Austria1905,5.79
Austria1906,5.69
Austria1907,5.7
Austria1908,5.27
Austria1909,5.18
Austria1910,5.92
Austria1911,6.45
Austria1912,5.44
Austria1913,5.86
Austria1914,5.58
Austria1915,5.67
Austria1916,6.45
Austria1917,5.46
Austria1918,6.17
Austria1919,5.29
Austria1920,6.61
Austria1921,6.63
Austria1922,5.39
Austria1923,6.21
Austria1924,5.37
Austria1925,5.79
Austria1926,6.54
Austria1927,6.26
Austria1928,6.4
Austria1929,5.67
Austria1930,6.55
Austria1931,5.4
Austria1932,6.08
Austria1933,5.09
Austria1934,7.17
Austria1935,5.89
Austria1936,6.24
Austria1937,6.3
Austria1938,6.11
Austria1939,5.98
Austria1940,4.54
Austria1941,5.05
Austria1942,5.61
Austria1943,6.71
Austria1944,5.74
Austria1945,6.51
Austria1946,6.63
Austria1947,6.68
Austria1948,6.69
Austria1949,6.73
Austria1950,6.83
Austria1951,6.85
Austria1952,5.94
Austria1953,6.64
Austria1954,5.5
Austria1955,5.65
Austria1956,5.14
Austria1957,6.55
Austria1958,6.46
Austria1959,6.72
Austria1960,6.27
Austria1961,6.96
Austria1962,5.27
Austria1963,5.61
Austria1964,6.09
Austria1965,5.51
Austria1966,6.6
Austria1967,6.62
Austria1968,6.17
Austria1969,5.85
Austria1970,5.73
Austria1971,6.3
Austria1972,6.05
Austria1973,6.01
Austria1974,6.7
Austria1975,6.71
Austria1976,6.18
Austria1977,6.78
Austria1978,5.66
Austria1979,6.21
Austria1980,5.47
Austria1981,6.32
Austria1982,6.79
Austria1983,7.07
Austria1984,5.94
Austria1985,5.82
Austria1986,6.24
Austria1987,6.04
Austria1988,6.94
Austria1989,7.21
Austria1990,7.18
Austria1991,6.3
Austria1992,7.45
Austria1993,6.86
Austria1994,8.11
Austria1995,6.83
Austria1996,5.84
Austria1997,6.98
Austria1998,7.13
Austria1999,7.17
Austria2000,7.97
Austria2001,7.03
Austria2002,7.73
Austria2003,7.35
Austria2004,6.75
Austria2005,6.42
Austria2006,7.22
Austria2007,7.8
Austria2008,7.65
Austria2009,7.5
Austria2010,6.53
Austria2011,7.91
Austria2012,7.68
Austria2013,7.36
Austria2014,8.36
Austria2015,8.29
Austria2016,7.75
Austria2017,7.69
Austria2018,8.54
Austria2019,8.39
Austria2020,8.24
Austria2021,7.35
Belgium1901,8.89
Belgium1902,8.52
Belgium1903,9.4
Belgium1904,9.38
Belgium1905,9.03
Belgium1906,9.53
Belgium1907,9.14
Belgium1908,8.8
Belgium1909,8.65
Belgium1910,9.7
Belgium1911,10.42
Belgium1912,9.56
Belgium1913,10.01
Belgium1914,9.91
Belgium1915,9.34
Belgium1916,9.66
Belgium1917,8.73
Belgium1918,9.81
Belgium1919,8.71
Belgium1920,9.86
Belgium1921,10.52
Belgium1922,8.79
Belgium1923,9.42
Belgium1924,9.09
Belgium1925,9.54
Belgium1926,9.96
Belgium1927,9.36
Belgium1928,9.81
Belgium1929,9.03
Belgium1930,10.08
Belgium1931,9.13
Belgium1932,9.69
Belgium1933,9.38
Belgium1934,10.52
Belgium1935,9.89
Belgium1936,9.72
Belgium1937,9.93
Belgium1938,9.98
Belgium1939,9.83
Belgium1940,8.54
Belgium1941,8.96
Belgium1942,8.9
Belgium1943,10.2
Belgium1944,9.62
Belgium1945,10.35
Belgium1946,9.54
Belgium1947,10.27
Belgium1948,10.29
Belgium1949,10.6
Belgium1950,9.88
Belgium1951,9.67
Belgium1952,9.22
Belgium1953,9.81
Belgium1954,9.06
Belgium1955,8.96
Belgium1956,8.47
Belgium1957,9.84
Belgium1958,9.43
Belgium1959,10.42
Belgium1960,9.69
Belgium1961,10.11
Belgium1962,8.33
Belgium1963,8.06
Belgium1964,9.34
Belgium1965,8.79
Belgium1966,9.6
Belgium1967,9.82
Belgium1968,9.14
Belgium1969,9.36
Belgium1970,9.28
Belgium1971,9.65
Belgium1972,9.11
Belgium1973,9.57
Belgium1974,9.86
Belgium1975,9.86
Belgium1976,10.12
Belgium1977,9.79
Belgium1978,9.01
Belgium1979,8.89
Belgium1980,9.06
Belgium1981,9.43
Belgium1982,10.12
Belgium1983,10.14
Belgium1984,9.43
Belgium1985,8.63
Belgium1986,9.07
Belgium1987,8.85
Belgium1988,10.27
Belgium1989,10.77
Belgium1990,10.82
Belgium1991,9.68
Belgium1992,10.42
Belgium1993,9.84
Belgium1994,10.93
Belgium1995,10.6
Belgium1996,8.83
Belgium1997,10.41
Belgium1998,10.33
Belgium1999,10.96
Belgium2000,10.96
Belgium2001,10.48
Belgium2002,10.9
Belgium2003,10.78
Belgium2004,10.38
Belgium2005,10.69
Belgium2006,10.98
Belgium2007,11.09
Belgium2008,10.57
Belgium2009,10.64
Belgium2010,9.36
Belgium2011,11.19
Belgium2012,10.43
Belgium2013,9.92
Belgium2014,11.71
Belgium2015,11.07
Belgium2016,10.75
Belgium2017,11.06
Belgium2018,11.64
Belgium2019,11.38
Belgium2020,11.88
Belgium2021,10.47
Bulgaria1901,10.42
Bulgaria1902,9.78
Bulgaria1903,10.71
Bulgaria1904,10.22
Bulgaria1905,10.41
Bulgaria1906,10.58
Bulgaria1907,9.89
Bulgaria1908,9.74
Bulgaria1909,10.36
Bulgaria1910,10.95
Bulgaria1911,10.32
Bulgaria1912,9.71
Bulgaria1913,10.04
Bulgaria1914,9.82
Bulgaria1915,10.71
Bulgaria1916,11.18
Bulgaria1917,10.4
Bulgaria1918,10.55
Bulgaria1919,10.34
Bulgaria1920,9.97
Bulgaria1921,10.17
Bulgaria1922,10.06
Bulgaria1923,11.35
Bulgaria1924,9.89
Bulgaria1925,10.72
Bulgaria1926,10.99
Bulgaria1927,11.15
Bulgaria1928,10.26
Bulgaria1929,9.9
Bulgaria1930,11.14
Bulgaria1931,10.29
Bulgaria1932,10.24
Bulgaria1933,9.13
Bulgaria1934,11.21
Bulgaria1935,10.44
Bulgaria1936,10.98
Bulgaria1937,11.27
Bulgaria1938,10.73
Bulgaria1939,10.84
Bulgaria1940,9.3
Bulgaria1941,9.8
Bulgaria1942,9.68
Bulgaria1943,10.39
Bulgaria1944,10.33
Bulgaria1945,10.37
Bulgaria1946,11.06
Bulgaria1947,10.88
Bulgaria1948,10.19
Bulgaria1949,10.23
Bulgaria1950,11.32
Bulgaria1951,11.42
Bulgaria1952,11.39
Bulgaria1953,10.07
Bulgaria1954,10.09
Bulgaria1955,10.88
Bulgaria1956,9.64
Bulgaria1957,10.71
Bulgaria1958,10.97
Bulgaria1959,10.07
Bulgaria1960,11.08
Bulgaria1961,10.9
Bulgaria1962,10.77
Bulgaria1963,10.45
Bulgaria1964,10.05
Bulgaria1965,10.05
Bulgaria1966,11.51
Bulgaria1967,10.44
Bulgaria1968,10.67
Bulgaria1969,10.17
Bulgaria1970,10.74
Bulgaria1971,10.43
Bulgaria1972,10.48
Bulgaria1973,10.17
Bulgaria1974,10.37
Bulgaria1975,10.68
Bulgaria1976,9.63
Bulgaria1977,10.8
Bulgaria1978,10.09
Bulgaria1979,10.87
Bulgaria1980,9.79
Bulgaria1981,10.58
Bulgaria1982,10.39
Bulgaria1983,10.56
Bulgaria1984,10.3
Bulgaria1985,9.99
Bulgaria1986,10.51
Bulgaria1987,9.99
Bulgaria1988,10.5
Bulgaria1989,10.65
Bulgaria1990,11.17
Bulgaria1991,10.05
Bulgaria1992,10.47
Bulgaria1993,10.25
Bulgaria1994,11.65
Bulgaria1995,10.62
Bulgaria1996,10.24
Bulgaria1997,10.07
Bulgaria1998,10.82
Bulgaria1999,11.54
Bulgaria2000,11.54
Bulgaria2001,11.45
Bulgaria2002,11.52
Bulgaria2003,10.69
Bulgaria2004,11.08
Bulgaria2005,10.7
Bulgaria2006,10.86
Bulgaria2007,11.95
Bulgaria2008,11.86
Bulgaria2009,11.83
Bulgaria2010,11.79
Bulgaria2011,10.88
Bulgaria2012,11.88
Bulgaria2013,11.97
Bulgaria2014,12.01
Bulgaria2015,11.86
Bulgaria2016,11.91
Bulgaria2017,11.76
Bulgaria2018,12.35
Bulgaria2019,12.82
Bulgaria2020,12.5
Bulgaria2021,11.98
Cyprus1901,17.91
Cyprus1902,17.46
Cyprus1903,16.69
Cyprus1904,17.06
Cyprus1905,17.35
Cyprus1906,17.49
Cyprus1907,16.89
Cyprus1908,16.99
Cyprus1909,18.11
Cyprus1910,17.16
Cyprus1911,17.02
Cyprus1912,17.26
Cyprus1913,17.27
Cyprus1914,17.58
Cyprus1915,18.24
Cyprus1916,18.56
Cyprus1917,18.02
Cyprus1918,17.96
Cyprus1919,18.17
Cyprus1920,17.53
Cyprus1921,17.25
Cyprus1922,18.11
Cyprus1923,18.36
Cyprus1924,17.89
Cyprus1925,18.19
Cyprus1926,18.28
Cyprus1927,18.56
Cyprus1928,18.32
Cyprus1929,17.83
Cyprus1930,18.57
Cyprus1931,18.19
Cyprus1932,18.12
Cyprus1933,17.22
Cyprus1934,18.16
Cyprus1935,18.49
Cyprus1936,18.23
Cyprus1937,18.65
Cyprus1938,17.89
Cyprus1939,18.58
Cyprus1940,18.2
Cyprus1941,18.21
Cyprus1942,18.12
Cyprus1943,17.78
Cyprus1944,18.06
Cyprus1945,17.73
Cyprus1946,18.45
Cyprus1947,18.89
Cyprus1948,17.48
Cyprus1949,17.32
Cyprus1950,17.91
Cyprus1951,18.54
Cyprus1952,18.54
Cyprus1953,17.46
Cyprus1954,18.42
Cyprus1955,18.97
Cyprus1956,17.71
Cyprus1957,18.24
Cyprus1958,18.4
Cyprus1959,17.51
Cyprus1960,18.85
Cyprus1961,18.03
Cyprus1962,19.08
Cyprus1963,18.53
Cyprus1964,17.72
Cyprus1965,18.07
Cyprus1966,19.11
Cyprus1967,17.39
Cyprus1968,18.42
Cyprus1969,18.56
Cyprus1970,18.65
Cyprus1971,18.09
Cyprus1972,17.56
Cyprus1973,18.3
Cyprus1974,18.17
Cyprus1975,17.72
Cyprus1976,17.38
Cyprus1977,17.88
Cyprus1978,18.29
Cyprus1979,18.53
Cyprus1980,17.7
Cyprus1981,18.38
Cyprus1982,17.39
Cyprus1983,17.58
Cyprus1984,17.79
Cyprus1985,18.22
Cyprus1986,18.22
Cyprus1987,17.8
Cyprus1988,17.76
Cyprus1989,17.93
Cyprus1990,18.03
Cyprus1991,17.99
Cyprus1992,16.94
Cyprus1993,17.93
Cyprus1994,18.85
Cyprus1995,18.21
Cyprus1996,18.47
Cyprus1997,17.69
Cyprus1998,19.08
Cyprus1999,19.19
Cyprus2000,18.48
Cyprus2001,19.55
Cyprus2002,18.8
Cyprus2003,18.95
Cyprus2004,18.73
Cyprus2005,18.66
Cyprus2006,18.52
Cyprus2007,18.97
Cyprus2008,19.04
Cyprus2009,19.06
Cyprus2010,20.35
Cyprus2011,18.56
Cyprus2012,19.32
Cyprus2013,19.36
Cyprus2014,19.49
Cyprus2015,18.86
Cyprus2016,19.55
Cyprus2017,19.16
Cyprus2018,20.07
Cyprus2019,19.44
Cyprus2020,19.73
Cyprus2021,19.84
Czechia1901,6.76
Czechia1902,6.23
Czechia1903,7.38
Czechia1904,7.51
Czechia1905,7.15
Czechia1906,7.29
Czechia1907,7.03
Czechia1908,6.55
Czechia1909,6.49
Czechia1910,7.39
Czechia1911,7.89
Czechia1912,6.62
Czechia1913,7.27
Czechia1914,7.14
Czechia1915,6.98
Czechia1916,7.78
Czechia1917,6.77
Czechia1918,7.73
Czechia1919,6.54
Czechia1920,7.71
Czechia1921,7.93
Czechia1922,6.32
Czechia1923,7.27
Czechia1924,6.43
Czechia1925,7.27
Czechia1926,7.8
Czechia1927,7.24
Czechia1928,7.47
Czechia1929,6.76
Czechia1930,7.83
Czechia1931,6.61
Czechia1932,7.36
Czechia1933,6.29
Czechia1934,8.66
Czechia1935,7.28
Czechia1936,7.48
Czechia1937,7.69
Czechia1938,7.65
Czechia1939,7.33
Czechia1940,5.44
Czechia1941,6.06
Czechia1942,6.47
Czechia1943,7.81
Czechia1944,7.18
Czechia1945,7.76
Czechia1946,7.69
Czechia1947,7.57
Czechia1948,7.96
Czechia1949,7.99
Czechia1950,7.9
Czechia1951,8.24
Czechia1952,7.21
Czechia1953,8.15
Czechia1954,6.77
Czechia1955,6.82
Czechia1956,6.26
Czechia1957,7.85
Czechia1958,7.59
Czechia1959,7.96
Czechia1960,7.53
Czechia1961,8.1
Czechia1962,6.55
Czechia1963,6.6
Czechia1964,7.13
Czechia1965,6.63
Czechia1966,7.95
Czechia1967,8.19
Czechia1968,7.48
Czechia1969,7.02
Czechia1970,7.06
Czechia1971,7.66
Czechia1972,7.33
Czechia1973,7.48
Czechia1974,8.14
Czechia1975,8.23
Czechia1976,7.51
Czechia1977,7.93
Czechia1978,7.03
Czechia1979,7.32
Czechia1980,6.53
Czechia1981,7.68
Czechia1982,8.09
Czechia1983,8.49
Czechia1984,7.24
Czechia1985,6.76
Czechia1986,7.36
Czechia1987,6.82
Czechia1988,8.2
Czechia1989,8.62
Czechia1990,8.62
Czechia1991,7.54
Czechia1992,8.65
Czechia1993,7.88
Czechia1994,9.08
Czechia1995,8.04
Czechia1996,6.43
Czechia1997,7.77
Czechia1998,8.29
Czechia1999,8.52
Czechia2000,9.27
Czechia2001,8.06
Czechia2002,8.8
Czechia2003,8.45
Czechia2004,8.07
Czechia2005,7.92
Czechia2006,8.44
Czechia2007,9.2
Czechia2008,9.03
Czechia2009,8.66
Czechia2010,7.43
Czechia2011,8.91
Czechia2012,8.68
Czechia2013,8.31
Czechia2014,9.76
Czechia2015,9.64
Czechia2016,9.04
Czechia2017,8.96
Czechia2018,9.93
Czechia2019,9.79
Czechia2020,9.61
Czechia2021,8.5
Germany1901,7.86
Germany1902,7.37
Germany1903,8.43
Germany1904,8.5
Germany1905,8.09
Germany1906,8.45
Germany1907,8.03
Germany1908,7.66
Germany1909,7.46
Germany1910,8.53
Germany1911,9.23
Germany1912,8.07
Germany1913,8.68
Germany1914,8.65
Germany1915,8.03
Germany1916,8.55
Germany1917,7.72
Germany1918,8.7
Germany1919,7.48
Germany1920,8.81
Germany1921,9.19
Germany1922,7.37
Germany1923,8.19
Germany1924,7.75
Germany1925,8.46
Germany1926,8.85
Germany1927,8.23
Germany1928,8.52
Germany1929,7.91
Germany1930,8.99
Germany1931,7.66
Germany1932,8.49
Germany1933,7.84
Germany1934,9.37
Germany1935,8.47
Germany1936,8.52
Germany1937,8.7
Germany1938,8.79
Germany1939,8.45
Germany1940,6.89
Germany1941,7.3
Germany1942,7.53
Germany1943,9.07
Germany1944,8.37
Germany1945,9.0
Germany1946,8.56
Germany1947,8.83
Germany1948,9.2
Germany1949,9.35
Germany1950,8.86
Germany1951,8.94
Germany1952,8.14
Germany1953,9.17
Germany1954,7.92
Germany1955,7.81
Germany1956,7.28
Germany1957,8.8
Germany1958,8.43
Germany1959,9.28
Germany1960,8.55
Germany1961,9.12
Germany1962,7.39
Germany1963,7.36
Germany1964,8.32
Germany1965,7.68
Germany1966,8.62
Germany1967,9.09
Germany1968,8.34
Germany1969,7.98
Germany1970,7.9
Germany1971,8.68
Germany1972,8.08
Germany1973,8.45
Germany1974,8.99
Germany1975,9.11
Germany1976,8.61
Germany1977,8.8
Germany1978,8.01
Germany1979,7.94
Germany1980,7.76
Germany1981,8.41
Germany1982,9.19
Germany1983,9.35
Germany1984,8.24
Germany1985,7.77
Germany1986,8.25
Germany1987,7.71
Germany1988,9.29
Germany1989,9.81
Germany1990,9.81
Germany1991,8.73
Germany1992,9.64
Germany1993,8.76
Germany1994,9.94
Germany1995,9.15
Germany1996,7.57
Germany1997,9.18
Germany1998,9.27
Germany1999,9.74
Germany2000,10.09
Germany2001,9.21
Germany2002,9.75
Germany2003,9.57
Germany2004,9.14
Germany2005,9.26
Germany2006,9.82
Germany2007,10.09
Germany2008,9.76
Germany2009,9.52
Germany2010,8.19
Germany2011,10.03
Germany2012,9.45
Germany2013,9.07
Germany2014,10.64
Germany2015,10.32
Germany2016,9.86
Germany2017,9.91
Germany2018,10.74
Germany2019,10.54
Germany2020,10.79
Germany2021,9.49
Denmark1901,7.73
Denmark1902,6.45
Denmark1903,7.67
Denmark1904,7.54
Denmark1905,7.61
Denmark1906,8.12
Denmark1907,7.16
Denmark1908,7.57
Denmark1909,6.72
Denmark1910,8.44
Denmark1911,8.59
Denmark1912,7.43
Denmark1913,8.34
Denmark1914,8.7
Denmark1915,6.74
Denmark1916,7.63
Denmark1917,7.24
Denmark1918,7.81
Denmark1919,6.75
Denmark1920,8.07
Denmark1921,8.44
Denmark1922,6.59
Denmark1923,6.98
Denmark1924,7.08
Denmark1925,8.12
Denmark1926,7.97
Denmark1927,7.34
Denmark1928,7.34
Denmark1929,6.84
Denmark1930,8.47
Denmark1931,7.08
Denmark1932,8.3
Denmark1933,8.09
Denmark1934,9.28
Denmark1935,8.15
Denmark1936,8.19
Denmark1937,8.09
Denmark1938,8.91
Denmark1939,8.26
Denmark1940,6.28
Denmark1941,6.42
Denmark1942,6.11
Denmark1943,8.63
Denmark1944,8.27
Denmark1945,8.64
Denmark1946,7.85
Denmark1947,7.52
Denmark1948,8.57
Denmark1949,9.2
Denmark1950,8.26
Denmark1951,8.17
Denmark1952,7.25
Denmark1953,8.86
Denmark1954,7.49
Denmark1955,7.44
Denmark1956,6.82
Denmark1957,8.12
Denmark1958,7.42
Denmark1959,8.85
Denmark1960,7.72
Denmark1961,8.53
Denmark1962,7.06
Denmark1963,6.8
Denmark1964,7.57
Denmark1965,7.1
Denmark1966,7.23
Denmark1967,8.49
Denmark1968,7.96
Denmark1969,7.46
Denmark1970,7.06
Denmark1971,8.26
Denmark1972,7.9
Denmark1973,8.25
Denmark1974,8.57
Denmark1975,9.05
Denmark1976,7.78
Denmark1977,7.97
Denmark1978,7.63
Denmark1979,6.73
Denmark1980,7.36
Denmark1981,7.47
Denmark1982,8.18
Denmark1983,8.61
Denmark1984,8.07
Denmark1985,6.64
Denmark1986,7.19
Denmark1987,6.65
Denmark1988,8.62
Denmark1989,9.39
Denmark1990,9.58
Denmark1991,8.35
Denmark1992,9.09
Denmark1993,7.8
Denmark1994,8.75
Denmark1995,8.43
Denmark1996,6.9
Denmark1997,8.52
Denmark1998,8.22
Denmark1999,8.95
Denmark2000,9.3
Denmark2001,8.33
Denmark2002,9.16
Denmark2003,8.71
Denmark2004,8.71
Denmark2005,8.8
Denmark2006,9.39
Denmark2007,9.55
Denmark2008,9.56
Denmark2009,8.92
Denmark2010,7.14
Denmark2011,9.12
Denmark2012,8.49
Denmark2013,8.64
Denmark2014,10.18
Denmark2015,9.33
Denmark2016,9.1
Denmark2017,9.0
Denmark2018,9.63
Denmark2019,9.65
Denmark2020,10.04
Denmark2021,8.92
Spain1901,12.21
Spain1902,12.42
Spain1903,12.48
Spain1904,12.86
Spain1905,12.23
Spain1906,12.49
Spain1907,12.31
Spain1908,12.59
Spain1909,12.17
Spain1910,12.26
Spain1911,12.54
Spain1912,12.33
Spain1913,12.66
Spain1914,12.39
Spain1915,12.41
Spain1916,12.47
Spain1917,11.89
Spain1918,12.29
Spain1919,12.17
Spain1920,12.57
Spain1921,12.86
Spain1922,12.39
Spain1923,12.6
Spain1924,12.81
Spain1925,12.01
Spain1926,13.35
Spain1927,12.88
Spain1928,12.9
Spain1929,12.83
Spain1930,13.01
Spain1931,12.62
Spain1932,12.29
Spain1933,12.72
Spain1934,12.62
Spain1935,12.37
Spain1936,12.33
Spain1937,13.08
Spain1938,12.6
Spain1939,12.41
Spain1940,12.59
Spain1941,12.27
Spain1942,12.87
Spain1943,13.23
Spain1944,12.6
Spain1945,13.53
Spain1946,12.73
Spain1947,13.39
Spain1948,13.46
Spain1949,13.46
Spain1950,13.15
Spain1951,12.59
Spain1952,13.08
Spain1953,13.08
Spain1954,12.69
Spain1955,13.71
Spain1956,12.12
Spain1957,12.72
Spain1958,13.19
Spain1959,13.23
Spain1960,13.01
Spain1961,13.82
Spain1962,13.01
Spain1963,12.64
Spain1964,13.27
Spain1965,12.87
Spain1966,13.22
Spain1967,12.99
Spain1968,13.19
Spain1969,12.57
Spain1970,13.06
Spain1971,12.53
Spain1972,12.21
Spain1973,12.85
Spain1974,12.75
Spain1975,12.77
Spain1976,12.8
Spain1977,12.86
Spain1978,13.01
Spain1979,13.12
Spain1980,12.87
Spain1981,13.51
Spain1982,13.5
Spain1983,13.51
Spain1984,12.74
Spain1985,13.39
Spain1986,13.23
Spain1987,13.67
Spain1988,13.46
Spain1989,14.27
Spain1990,14.06
Spain1991,13.37
Spain1992,13.34
Spain1993,12.93
Spain1994,13.98
Spain1995,14.3
Spain1996,13.49
Spain1997,14.38
Spain1998,13.9
Spain1999,13.8
Spain2000,13.85
Spain2001,13.94
Spain2002,13.91
Spain2003,14.31
Spain2004,13.83
Spain2005,13.68
Spain2006,14.42
Spain2007,13.72
Spain2008,13.66
Spain2009,14.33
Spain2010,13.62
Spain2011,14.43
Spain2012,13.93
Spain2013,13.77
Spain2014,14.57
Spain2015,14.52
Spain2016,14.36
Spain2017,14.62
Spain2018,14.23
Spain2019,14.42
Spain2020,14.65
Spain2021,14.25
Estonia1901,5.38
Estonia1902,3.0
Estonia1903,5.82
Estonia1904,4.14
Estonia1905,5.18
Estonia1906,5.75
Estonia1907,3.85
Estonia1908,4.48
Estonia1909,4.44
Estonia1910,6.1
Estonia1911,5.27
Estonia1912,4.4
Estonia1913,5.73
Estonia1914,5.82
Estonia1915,3.23
Estonia1916,4.72
Estonia1917,4.16
Estonia1918,4.93
Estonia1919,4.27
Estonia1920,6.06
Estonia1921,5.32
Estonia1922,4.2
Estonia1923,4.3
Estonia1924,5.08
Estonia1925,5.67
Estonia1926,4.48
Estonia1927,4.67
Estonia1928,4.58
Estonia1929,4.36
Estonia1930,6.25
Estonia1931,4.17
Estonia1932,5.75
Estonia1933,4.57
Estonia1934,6.97
Estonia1935,5.47
Estonia1936,6.13
Estonia1937,5.98
Estonia1938,6.69
Estonia1939,5.58
Estonia1940,3.34
Estonia1941,2.53
Estonia1942,2.78
Estonia1943,6.19
Estonia1944,5.74
Estonia1945,4.71
Estonia1946,4.92
Estonia1947,4.25
Estonia1948,5.64
Estonia1949,6.65
Estonia1950,5.14
Estonia1951,5.07
Estonia1952,4.32
Estonia1953,5.61
Estonia1954,5.02
Estonia1955,4.22
Estonia1956,3.44
Estonia1957,5.53
Estonia1958,4.27
Estonia1959,5.92
Estonia1960,4.83
Estonia1961,6.37
Estonia1962,4.51
Estonia1963,4.28
Estonia1964,5.07
Estonia1965,4.41
Estonia1966,4.06
Estonia1967,5.34
Estonia1968,4.55
Estonia1969,3.91
Estonia1970,4.37
Estonia1971,5.35
Estonia1972,5.91
Estonia1973,5.43
Estonia1974,6.27
Estonia1975,6.9
Estonia1976,3.81
Estonia1977,4.74
Estonia1978,3.93
Estonia1979,4.81
Estonia1980,4.48
Estonia1981,5.13
Estonia1982,5.56
Estonia1983,6.22
Estonia1984,5.85
Estonia1985,3.6
Estonia1986,5.0
Estonia1987,3.31
Estonia1988,5.76
Estonia1989,7.1
Estonia1990,6.67
Estonia1991,6.23
Estonia1992,6.41
Estonia1993,5.3
Estonia1994,5.48
Estonia1995,6.16
Estonia1996,4.84
Estonia1997,5.92
Estonia1998,5.46
Estonia1999,6.49
Estonia2000,7.06
Estonia2001,6.05
Estonia2002,6.21
Estonia2003,5.78
Estonia2004,5.97
Estonia2005,6.11
Estonia2006,6.57
Estonia2007,6.72
Estonia2008,7.23
Estonia2009,6.02
Estonia2010,4.93
Estonia2011,6.93
Estonia2012,5.59
Estonia2013,6.75
Estonia2014,6.94
Estonia2015,7.37
Estonia2016,6.46
Estonia2017,6.25
Estonia2018,7.03
Estonia2019,7.18
Estonia2020,8.12
Estonia2021,6.28
Finland1901,1.5
Finland1902,-1.11
Finland1903,1.65
Finland1904,0.29
Finland1905,1.26
Finland1906,1.67
Finland1907,0.78
Finland1908,0.94
Finland1909,0.91
Finland1910,1.93
Finland1911,1.58
Finland1912,0.1
Finland1913,1.5
Finland1914,1.71
Finland1915,-1.09
Finland1916,0.87
Finland1917,0.16
Finland1918,1.24
Finland1919,0.57
Finland1920,2.83
Finland1921,1.49
Finland1922,0.87
Finland1923,0.74
Finland1924,1.73
Finland1925,1.71
Finland1926,0.38
Finland1927,0.71
Finland1928,0.95
Finland1929,1.23
Finland1930,2.61
Finland1931,1.02
Finland1932,2.3
Finland1933,1.23
Finland1934,3.35
Finland1935,1.94
Finland1936,2.12
Finland1937,2.84
Finland1938,3.64
Finland1939,1.81
Finland1940,0.18
Finland1941,-0.88
Finland1942,-0.28
Finland1943,2.9
Finland1944,2.3
Finland1945,1.03
Finland1946,1.72
Finland1947,0.9
Finland1948,2.15
Finland1949,2.84
Finland1950,1.92
Finland1951,1.39
Finland1952,0.86
Finland1953,2.55
Finland1954,2.1
Finland1955,-0.37
Finland1956,-0.23
Finland1957,1.82
Finland1958,0.34
Finland1959,2.32
Finland1960,1.5
Finland1961,2.75
Finland1962,0.72
Finland1963,1.07
Finland1964,1.66
Finland1965,0.71
Finland1966,-0.4
Finland1967,1.76
Finland1968,0.27
Finland1969,0.37
Finland1970,1.03
Finland1971,0.73
Finland1972,2.58
Finland1973,1.44
Finland1974,3.06
Finland1975,2.79
Finland1976,0.16
Finland1977,0.95
Finland1978,-0.08
Finland1979,1.21
Finland1980,0.62
Finland1981,0.68
Finland1982,1.62
Finland1983,1.81
Finland1984,2.15
Finland1985,-0.66
Finland1986,0.97
Finland1987,-0.41
Finland1988,1.58
Finland1989,3.37
Finland1990,2.68
Finland1991,2.12
Finland1992,2.46
Finland1993,1.55
Finland1994,1.56
Finland1995,2.12
Finland1996,1.41
Finland1997,2.03
Finland1998,1.09
Finland1999,2.11
Finland2000,3.23
Finland2001,1.86
Finland2002,1.94
Finland2003,2.2
Finland2004,2.3
Finland2005,2.97
Finland2006,2.7
Finland2007,2.92
Finland2008,2.96
Finland2009,2.19
Finland2010,0.91
Finland2011,3.36
Finland2012,1.59
Finland2013,3.17
Finland2014,3.29
Finland2015,3.56
Finland2016,2.95
Finland2017,2.36
Finland2018,3.14
Finland2019,2.63
Finland2020,4.11
Finland2021,2.3
France1901,9.7
France1902,9.8
France1903,10.07
France1904,10.42
France1905,9.84
France1906,10.24
France1907,10.01
France1908,9.87
France1909,9.53
France1910,10.16
France1911,11.0
France1912,10.14
France1913,10.61
France1914,10.26
France1915,10.11
France1916,10.35
France1917,9.47
France1918,10.36
France1919,9.8
France1920,10.68
France1921,11.2
France1922,9.84
France1923,10.59
France1924,10.18
France1925,10.11
France1926,10.85
France1927,10.5
France1928,10.96
France1929,10.24
France1930,10.87
France1931,9.97
France1932,10.27
France1933,10.21
France1934,10.98
France1935,10.44
France1936,10.48
France1937,10.87
France1938,10.5
France1939,10.33
France1940,9.7
France1941,9.78
France1942,10.24
France1943,11.26
France1944,10.42
France1945,11.23
France1946,10.55
France1947,11.35
France1948,11.03
France1949,11.43
France1950,10.91
France1951,10.53
France1952,10.7
France1953,10.69
France1954,10.2
France1955,10.64
France1956,9.74
France1957,10.63
France1958,10.61
France1959,11.41
France1960,10.65
France1961,11.34
France1962,9.81
France1963,9.42
France1964,10.46
France1965,10.01
France1966,10.76
France1967,10.68
France1968,10.3
France1969,10.26
France1970,10.37
France1971,10.41
France1972,10.08
France1973,10.39
France1974,10.67
France1975,10.58
France1976,10.91
France1977,10.58
France1978,10.1
France1979,10.33
France1980,9.9
France1981,10.62
France1982,11.31
France1983,11.07
France1984,10.36
France1985,10.04
France1986,10.34
France1987,10.2
France1988,11.12
France1989,11.71
France1990,11.73
France1991,10.75
France1992,11.07
France1993,10.76
France1994,11.97
France1995,11.56
France1996,10.56
France1997,11.82
France1998,11.3
France1999,11.7
France2000,11.84
France2001,11.4
France2002,11.83
France2003,11.85
France2004,11.34
France2005,11.33
France2006,11.92
France2007,11.6
France2008,11.3
France2009,11.68
France2010,10.61
France2011,12.3
France2012,11.53
France2013,11.08
France2014,12.47
France2015,12.16
France2016,11.72
France2017,11.94
France2018,12.63
France2019,12.36
France2020,12.71
France2021,11.57
Greece1901,13.32
Greece1902,13.13
Greece1903,13.37
Greece1904,13.28
Greece1905,13.23
Greece1906,13.17
Greece1907,12.93
Greece1908,12.82
Greece1909,13.22
Greece1910,13.41
Greece1911,13.28
Greece1912,12.94
Greece1913,13.1
Greece1914,12.78
Greece1915,13.6
Greece1916,14.14
Greece1917,13.45
Greece1918,13.33
Greece1919,13.41
Greece1920,13.31
Greece1921,13.14
Greece1922,13.44
Greece1923,14.07
Greece1924,13.26
Greece1925,13.61
Greece1926,14.03
Greece1927,14.37
Greece1928,13.65
Greece1929,12.99
Greece1930,13.93
Greece1931,13.5
Greece1932,13.33
Greece1933,12.41
Greece1934,14.02
Greece1935,13.57
Greece1936,13.73
Greece1937,14.14
Greece1938,13.53
Greece1939,13.75
Greece1940,12.63
Greece1941,13.05
Greece1942,13.07
Greece1943,13.52
Greece1944,13.27
Greece1945,13.54
Greece1946,14.03
Greece1947,14.06
Greece1948,13.08
Greece1949,13.01
Greece1950,14.14
Greece1951,14.1
Greece1952,14.42
Greece1953,12.97
Greece1954,13.28
Greece1955,13.99
Greece1956,13.02
Greece1957,13.61
Greece1958,13.92
Greece1959,13.05
Greece1960,14.09
Greece1961,13.93
Greece1962,14.07
Greece1963,13.98
Greece1964,13.29
Greece1965,13.28
Greece1966,14.23
Greece1967,13.45
Greece1968,13.64
Greece1969,13.52
Greece1970,13.69
Greece1971,13.23
Greece1972,13.2
Greece1973,13.23
Greece1974,13.11
Greece1975,13.2
Greece1976,12.67
Greece1977,13.7
Greece1978,13.05
Greece1979,13.62
Greece1980,12.93
Greece1981,13.39
Greece1982,13.23
Greece1983,12.97
Greece1984,13.13
Greece1985,13.41
Greece1986,13.53
Greece1987,13.23
Greece1988,13.51
Greece1989,13.15
Greece1990,13.84
Greece1991,12.8
Greece1992,13.08
Greece1993,13.29
Greece1994,14.25
Greece1995,13.44
Greece1996,13.1
Greece1997,13.16
Greece1998,13.94
Greece1999,14.47
Greece2000,14.17
Greece2001,14.37
Greece2002,14.08
Greece2003,13.91
Greece2004,13.88
Greece2005,13.53
Greece2006,13.58
Greece2007,14.32
Greece2008,14.34
Greece2009,14.27
Greece2010,14.76
Greece2011,13.65
Greece2012,14.48
Greece2013,14.55
Greece2014,14.46
Greece2015,14.17
Greece2016,14.63
Greece2017,14.31
Greece2018,15.0
Greece2019,14.95
Greece2020,14.8
Greece2021,14.89
Croatia1901,9.87
Croatia1902,9.83
Croatia1903,10.43
Croatia1904,10.67
Croatia1905,10.21
Croatia1906,10.11
Croatia1907,10.14
Croatia1908,9.67
Croatia1909,9.93
Croatia1910,10.63
Croatia1911,10.83
Croatia1912,9.86
Croatia1913,10.18
Croatia1914,9.8
Croatia1915,10.15
Croatia1916,10.98
Croatia1917,10.04
Croatia1918,10.38
Croatia1919,9.84
Croatia1920,10.92
Croatia1921,10.87
Croatia1922,9.95
Croatia1923,10.85
Croatia1924,9.89
Croatia1925,10.27
Croatia1926,10.98
Croatia1927,11.0
Croatia1928,10.72
Croatia1929,10.04
Croatia1930,11.09
Croatia1931,10.03
Croatia1932,10.42
Croatia1933,9.54
Croatia1934,11.48
Croatia1935,10.38
Croatia1936,10.76
Croatia1937,10.67
Croatia1938,10.44
Croatia1939,10.55
Croatia1940,8.9
Croatia1941,9.45
Croatia1942,10.11
Croatia1943,11.08
Croatia1944,10.21
Croatia1945,10.95
Croatia1946,11.19
Croatia1947,11.06
Croatia1948,10.91
Croatia1949,11.07
Croatia1950,11.5
Croatia1951,11.53
Croatia1952,10.82
Croatia1953,10.74
Croatia1954,9.85
Croatia1955,10.19
Croatia1956,9.56
Croatia1957,10.86
Croatia1958,11.13
Croatia1959,10.86
Croatia1960,10.9
Croatia1961,11.36
Croatia1962,9.98
Croatia1963,10.22
Croatia1964,10.24
Croatia1965,10.09
Croatia1966,11.05
Croatia1967,10.92
Croatia1968,10.66
Croatia1969,10.17
Croatia1970,10.31
Croatia1971,10.53
Croatia1972,10.52
Croatia1973,10.37
Croatia1974,10.83
Croatia1975,11.02
Croatia1976,10.21
Croatia1977,11.01
Croatia1978,9.8
Croatia1979,10.82
Croatia1980,9.77
Croatia1981,10.68
Croatia1982,11.06
Croatia1983,11.14
Croatia1984,10.26
Croatia1985,10.23
Croatia1986,10.48
Croatia1987,10.34
Croatia1988,11.04
Croatia1989,11.14
Croatia1990,11.49
Croatia1991,10.45
Croatia1992,11.67
Croatia1993,11.08
Croatia1994,12.38
Croatia1995,11.09
Croatia1996,10.37
Croatia1997,11.14
Croatia1998,11.41
Croatia1999,11.46
Croatia2000,12.42
Croatia2001,11.49
Croatia2002,12.13
Croatia2003,11.71
Croatia2004,11.11
Croatia2005,10.69
Croatia2006,11.53
Croatia2007,12.31
Croatia2008,12.22
Croatia2009,12.09
Croatia2010,11.2
Croatia2011,12.1
Croatia2012,12.28
Croatia2013,11.99
Croatia2014,12.62
Croatia2015,12.51
Croatia2016,12.1
Croatia2017,12.13
Croatia2018,12.92
Croatia2019,12.91
Croatia2020,12.46
Croatia2021,11.95
Hungary1901,9.94
Hungary1902,9.31
Hungary1903,10.4
Hungary1904,10.34
Hungary1905,10.11
Hungary1906,10.19
Hungary1907,9.87
Hungary1908,9.52
Hungary1909,9.91
Hungary1910,10.74
Hungary1911,10.74
Hungary1912,9.55
Hungary1913,10.03
Hungary1914,9.64
Hungary1915,10.17
Hungary1916,10.93
Hungary1917,10.0
Hungary1918,10.46
Hungary1919,9.77
Hungary1920,10.53
Hungary1921,10.68
Hungary1922,9.51
Hungary1923,10.87
Hungary1924,9.57
Hungary1925,10.35
Hungary1926,10.98
Hungary1927,10.76
Hungary1928,10.48
Hungary1929,9.72
Hungary1930,11.1
Hungary1931,9.89
Hungary1932,10.15
Hungary1933,9.21
Hungary1934,11.69
Hungary1935,10.33
Hungary1936,10.75
Hungary1937,10.78
Hungary1938,10.59
Hungary1939,10.61
Hungary1940,8.32
Hungary1941,9.15
Hungary1942,9.56
Hungary1943,10.78
Hungary1944,10.31
Hungary1945,10.72
Hungary1946,11.03
Hungary1947,10.73
Hungary1948,10.75
Hungary1949,10.94
Hungary1950,11.25
Hungary1951,11.49
Hungary1952,10.63
Hungary1953,10.62
Hungary1954,9.6
Hungary1955,9.94
Hungary1956,9.23
Hungary1957,10.69
Hungary1958,10.81
Hungary1959,10.68
Hungary1960,10.71
Hungary1961,11.13
Hungary1962,9.77
Hungary1963,9.79
Hungary1964,9.76
Hungary1965,9.52
Hungary1966,10.97
Hungary1967,10.79
Hungary1968,10.63
Hungary1969,9.99
Hungary1970,10.08
Hungary1971,10.46
Hungary1972,10.54
Hungary1973,10.29
Hungary1974,10.85
Hungary1975,10.98
Hungary1976,10.09
Hungary1977,10.74
Hungary1978,9.62
Hungary1979,10.72
Hungary1980,9.35
Hungary1981,10.64
Hungary1982,10.73
Hungary1983,11.22
Hungary1984,10.21
Hungary1985,9.62
Hungary1986,10.32
Hungary1987,10.0
Hungary1988,10.7
Hungary1989,11.07
Hungary1990,11.33
Hungary1991,10.14
Hungary1992,11.35
Hungary1993,10.64
Hungary1994,12.02
Hungary1995,10.86
Hungary1996,9.93
Hungary1997,10.48
Hungary1998,10.97
Hungary1999,11.17
Hungary2000,12.15
Hungary2001,11.08
Hungary2002,11.89
Hungary2003,11.12
Hungary2004,10.82
Hungary2005,10.47
Hungary2006,11.13
Hungary2007,12.19
Hungary2008,12.11
Hungary2009,11.96
Hungary2010,10.98
Hungary2011,11.51
Hungary2012,11.91
Hungary2013,11.8
Hungary2014,12.65
Hungary2015,12.41
Hungary2016,11.8
Hungary2017,11.86
Hungary2018,12.72
Hungary2019,12.83
Hungary2020,12.25
Hungary2021,11.57
Ireland1901,8.84
Ireland1902,8.86
Ireland1903,8.82
Ireland1904,8.8
Ireland1905,9.01
Ireland1906,9.03
Ireland1907,8.7
Ireland1908,9.36
Ireland1909,8.63
Ireland1910,8.89
Ireland1911,9.4
Ireland1912,8.94
Ireland1913,9.19
Ireland1914,9.35
Ireland1915,8.7
Ireland1916,8.93
Ireland1917,8.46
Ireland1918,9.21
Ireland1919,8.47
Ireland1920,9.24
Ireland1921,10.22
Ireland1922,8.67
Ireland1923,8.92
Ireland1924,9.06
Ireland1925,8.88
Ireland1926,9.51
Ireland1927,9.09
Ireland1928,9.29
Ireland1929,9.12
Ireland1930,8.97
Ireland1931,9.13
Ireland1932,9.37
Ireland1933,9.7
Ireland1934,9.69
Ireland1935,9.33
Ireland1936,9.26
Ireland1937,9.13
Ireland1938,9.63
Ireland1939,9.45
Ireland1940,9.35
Ireland1941,9.03
Ireland1942,9.22
Ireland1943,9.78
Ireland1944,9.55
Ireland1945,10.16
Ireland1946,9.27
Ireland1947,9.23
Ireland1948,9.79
Ireland1949,10.31
Ireland1950,9.17
Ireland1951,8.97
Ireland1952,9.08
Ireland1953,9.71
Ireland1954,9.14
Ireland1955,9.28
Ireland1956,9.06
Ireland1957,9.7
Ireland1958,9.31
Ireland1959,10.08
Ireland1960,9.28
Ireland1961,9.42
Ireland1962,8.59
Ireland1963,8.45
Ireland1964,9.35
Ireland1965,8.7
Ireland1966,9.25
Ireland1967,9.09
Ireland1968,9.19
Ireland1969,8.97
Ireland1970,9.2
Ireland1971,9.72
Ireland1972,8.85
Ireland1973,9.48
Ireland1974,9.1
Ireland1975,9.69
Ireland1976,9.49
Ireland1977,9.22
Ireland1978,9.29
Ireland1979,8.55
Ireland1980,9.14
Ireland1981,9.23
Ireland1982,9.44
Ireland1983,9.7
Ireland1984,9.35
Ireland1985,8.74
Ireland1986,8.37
Ireland1987,9.08
Ireland1988,9.51
Ireland1989,9.98
Ireland1990,10.01
Ireland1991,9.51
Ireland1992,9.45
Ireland1993,9.28
Ireland1994,9.49
Ireland1995,10.02
Ireland1996,9.14
Ireland1997,10.19
Ireland1998,10.01
Ireland1999,10.01
Ireland2000,9.63
Ireland2001,9.55
Ireland2002,9.91
Ireland2003,10.02
Ireland2004,9.9
Ireland2005,10.03
Ireland2006,10.15
Ireland2007,10.28
Ireland2008,9.65
Ireland2009,9.67
Ireland2010,8.72
Ireland2011,9.77
Ireland2012,9.51
Ireland2013,9.5
Ireland2014,10.1
Ireland2015,9.45
Ireland2016,9.76
Ireland2017,10.0
Ireland2018,9.7
Ireland2019,9.87
Ireland2020,9.79
Ireland2021,9.95
Italy1901,11.56
Italy1902,11.8
Italy1903,11.86
Italy1904,12.31
Italy1905,11.7
Italy1906,11.7
Italy1907,11.73
Italy1908,11.5
Italy1909,11.43
Italy1910,11.79
Italy1911,12.37
Italy1912,11.63
Italy1913,11.99
Italy1914,11.7
Italy1915,11.79
Italy1916,12.31
Italy1917,11.63
Italy1918,11.81
Italy1919,11.54
Italy1920,12.69
Italy1921,12.53
Italy1922,11.86
Italy1923,12.34
Italy1924,12.05
Italy1925,11.94
Italy1926,12.55
Italy1927,12.67
Italy1928,12.53
Italy1929,11.88
Italy1930,12.55
Italy1931,11.84
Italy1932,12.07
Italy1933,11.54
Italy1934,12.7
Italy1935,12.01
Italy1936,12.24
Italy1937,12.36
Italy1938,12.05
Italy1939,12.02
Italy1940,11.14
Italy1941,11.48
Italy1942,12.25
Italy1943,12.97
Italy1944,11.86
Italy1945,12.63
Italy1946,12.55
Italy1947,12.88
Italy1948,12.56
Italy1949,12.66
Italy1950,12.88
Italy1951,12.63
Italy1952,12.47
Italy1953,12.3
Italy1954,11.75
Italy1955,12.28
Italy1956,11.45
Italy1957,12.36
Italy1958,12.53
Italy1959,12.53
Italy1960,12.37
Italy1961,12.86
Italy1962,11.97
Italy1963,11.95
Italy1964,12.26
Italy1965,11.74
Italy1966,12.34
Italy1967,12.34
Italy1968,12.09
Italy1969,11.98
Italy1970,12.08
Italy1971,12.12
Italy1972,12.05
Italy1973,12.13
Italy1974,12.18
Italy1975,12.24
Italy1976,11.89
Italy1977,12.36
Italy1978,11.68
Italy1979,12.32
Italy1980,11.63
Italy1981,12.09
Italy1982,12.86
Italy1983,12.49
Italy1984,11.9
Italy1985,12.37
Italy1986,12.54
Italy1987,12.47
Italy1988,12.85
Italy1989,12.58
Italy1990,12.99
Italy1991,12.23
Italy1992,12.83
Italy1993,12.62
Italy1994,13.58
Italy1995,12.55
Italy1996,12.29
Italy1997,13.07
Italy1998,12.93
Italy1999,13.11
Italy2000,13.37
Italy2001,13.18
Italy2002,13.39
Italy2003,13.49
Italy2004,12.9
Italy2005,12.52
Italy2006,13.25
Italy2007,13.46
Italy2008,13.32
Italy2009,13.38
Italy2010,12.78
Italy2011,13.6
Italy2012,13.46
Italy2013,13.19
Italy2014,13.86
Italy2015,13.82
Italy2016,13.61
Italy2017,13.48
Italy2018,14.13
Italy2019,13.9
Italy2020,13.85
Italy2021,13.5
Lithuania1901,6.57
Lithuania1902,4.56
Lithuania1903,6.97
Lithuania1904,5.48
Lithuania1905,6.29
Lithuania1906,6.87
Lithuania1907,5.2
Lithuania1908,5.61
Lithuania1909,5.47
Lithuania1910,7.28
Lithuania1911,6.57
Lithuania1912,5.51
Lithuania1913,7.0
Lithuania1914,6.98
Lithuania1915,5.37
Lithuania1916,6.17
Lithuania1917,5.46
Lithuania1918,6.4
Lithuania1919,5.49
Lithuania1920,6.81
Lithuania1921,6.78
Lithuania1922,5.24
Lithuania1923,5.78
Lithuania1924,5.53
Lithuania1925,6.98
Lithuania1926,6.28
Lithuania1927,5.78
Lithuania1928,5.65
Lithuania1929,5.11
Lithuania1930,6.98
Lithuania1931,5.41
Lithuania1932,6.78
Lithuania1933,5.11
Lithuania1934,7.94
Lithuania1935,6.32
Lithuania1936,7.23
Lithuania1937,7.0
Lithuania1938,7.49
Lithuania1939,6.98
Lithuania1940,4.3
Lithuania1941,4.07
Lithuania1942,4.12
Lithuania1943,6.93
Lithuania1944,6.8
Lithuania1945,5.96
Lithuania1946,6.06
Lithuania1947,5.43
Lithuania1948,6.86
Lithuania1949,7.63
Lithuania1950,6.43
Lithuania1951,6.44
Lithuania1952,5.5
Lithuania1953,6.53
Lithuania1954,5.82
Lithuania1955,5.8
Lithuania1956,4.64
Lithuania1957,6.87
Lithuania1958,5.95
Lithuania1959,6.98
Lithuania1960,6.16
Lithuania1961,7.2
Lithuania1962,5.57
Lithuania1963,5.43
Lithuania1964,5.96
Lithuania1965,5.24
Lithuania1966,5.95
Lithuania1967,6.82
Lithuania1968,5.88
Lithuania1969,4.83
Lithuania1970,5.44
Lithuania1971,6.7
Lithuania1972,6.76
Lithuania1973,6.59
Lithuania1974,6.89
Lithuania1975,7.98
Lithuania1976,5.06
Lithuania1977,6.05
Lithuania1978,5.38
Lithuania1979,5.69
Lithuania1980,5.14
Lithuania1981,6.36
Lithuania1982,6.72
Lithuania1983,7.54
Lithuania1984,6.68
Lithuania1985,4.97
Lithuania1986,6.11
Lithuania1987,4.6
Lithuania1988,6.69
Lithuania1989,8.15
Lithuania1990,7.89
Lithuania1991,7.22
Lithuania1992,7.48
Lithuania1993,6.38
Lithuania1994,6.84
Lithuania1995,7.02
Lithuania1996,5.53
Lithuania1997,6.74
Lithuania1998,6.66
Lithuania1999,7.74
Lithuania2000,8.08
Lithuania2001,7.17
Lithuania2002,7.72
Lithuania2003,6.88
Lithuania2004,6.88
Lithuania2005,6.88
Lithuania2006,7.38
Lithuania2007,7.83
Lithuania2008,8.14
Lithuania2009,7.13
Lithuania2010,6.3
Lithuania2011,7.68
Lithuania2012,6.78
Lithuania2013,7.54
Lithuania2014,7.84
Lithuania2015,8.43
Lithuania2016,7.69
Lithuania2017,7.5
Lithuania2018,8.19
Lithuania2019,8.64
Lithuania2020,8.96
Lithuania2021,7.28
Luxembourg1901,8.09
Luxembourg1902,7.93
Luxembourg1903,8.56
Luxembourg1904,8.72
Luxembourg1905,8.28
Luxembourg1906,8.75
Luxembourg1907,8.42
Luxembourg1908,8.01
Luxembourg1909,7.94
Luxembourg1910,8.85
Luxembourg1911,9.67
Luxembourg1912,8.75
Luxembourg1913,9.18
Luxembourg1914,8.94
Luxembourg1915,8.67
Luxembourg1916,8.98
Luxembourg1917,7.97
Luxembourg1918,9.04
Luxembourg1919,8.1
Luxembourg1920,9.14
Luxembourg1921,9.74
Luxembourg1922,8.07
Luxembourg1923,8.84
Luxembourg1924,8.33
Luxembourg1925,8.74
Luxembourg1926,9.22
Luxembourg1927,8.69
Luxembourg1928,9.19
Luxembourg1929,8.45
Luxembourg1930,9.37
Luxembourg1931,8.28
Luxembourg1932,8.78
Luxembourg1933,8.51
Luxembourg1934,9.72
Luxembourg1935,9.07
Luxembourg1936,8.99
Luxembourg1937,9.23
Luxembourg1938,9.1
Luxembourg1939,8.97
Luxembourg1940,7.83
Luxembourg1941,8.21
Luxembourg1942,8.29
Luxembourg1943,9.53
Luxembourg1944,8.8
Luxembourg1945,9.62
Luxembourg1946,8.9
Luxembourg1947,9.75
Luxembourg1948,9.63
Luxembourg1949,9.93
Luxembourg1950,9.29
Luxembourg1951,9.06
Luxembourg1952,8.65
Luxembourg1953,9.17
Luxembourg1954,8.37
Luxembourg1955,8.24
Luxembourg1956,7.79
Luxembourg1957,9.18
Luxembourg1958,8.84
Luxembourg1959,9.77
Luxembourg1960,9.03
Luxembourg1961,9.51
Luxembourg1962,7.72
Luxembourg1963,7.52
Luxembourg1964,8.83
Luxembourg1965,8.14
Luxembourg1966,9.05
Luxembourg1967,9.14
Luxembourg1968,8.49
Luxembourg1969,8.58
Luxembourg1970,8.56
Luxembourg1971,8.96
Luxembourg1972,8.42
Luxembourg1973,8.89
Luxembourg1974,9.32
Luxembourg1975,9.25
Luxembourg1976,9.45
Luxembourg1977,9.18
Luxembourg1978,8.32
Luxembourg1979,8.5
Luxembourg1980,8.33
Luxembourg1981,8.85
Luxembourg1982,9.48
Luxembourg1983,9.53
Luxembourg1984,8.66
Luxembourg1985,8.06
Luxembourg1986,8.51
Luxembourg1987,8.25
Luxembourg1988,9.64
Luxembourg1989,10.03
Luxembourg1990,10.08
Luxembourg1991,9.1
Luxembourg1992,9.82
Luxembourg1993,9.3
Luxembourg1994,10.47
Luxembourg1995,9.87
Luxembourg1996,8.19
Luxembourg1997,9.71
Luxembourg1998,9.65
Luxembourg1999,10.21
Luxembourg2000,10.39
Luxembourg2001,9.86
Luxembourg2002,10.31
Luxembourg2003,10.18
Luxembourg2004,9.68
Luxembourg2005,9.95
Luxembourg2006,10.3
Luxembourg2007,10.47
Luxembourg2008,9.9
Luxembourg2009,10.04
Luxembourg2010,8.8
Luxembourg2011,10.59
Luxembourg2012,9.87
Luxembourg2013,9.37
Luxembourg2014,11.1
Luxembourg2015,10.56
Luxembourg2016,10.12
Luxembourg2017,10.45
Luxembourg2018,11.16
Luxembourg2019,10.83
Luxembourg2020,11.33
Luxembourg2021,9.81
Latvia1901,6.03
Latvia1902,3.96
Latvia1903,6.46
Latvia1904,4.92
Latvia1905,5.76
Latvia1906,6.36
Latvia1907,4.55
Latvia1908,5.06
Latvia1909,4.93
Latvia1910,6.75
Latvia1911,5.93
Latvia1912,4.99
Latvia1913,6.46
Latvia1914,6.48
Latvia1915,4.46
Latvia1916,5.44
Latvia1917,4.81
Latvia1918,5.68
Latvia1919,4.9
Latvia1920,6.41
Latvia1921,6.08
Latvia1922,4.71
Latvia1923,5.12
Latvia1924,5.21
Latvia1925,6.39
Latvia1926,5.51
Latvia1927,5.24
Latvia1928,5.1
Latvia1929,4.66
Latvia1930,6.54
Latvia1931,4.79
Latvia1932,6.28
Latvia1933,4.76
Latvia1934,7.43
Latvia1935,5.85
Latvia1936,6.69
Latvia1937,6.47
Latvia1938,7.06
Latvia1939,6.35
Latvia1940,3.8
Latvia1941,3.39
Latvia1942,3.41
Latvia1943,6.52
Latvia1944,6.29
Latvia1945,5.39
Latvia1946,5.5
Latvia1947,4.86
Latvia1948,6.29
Latvia1949,7.17
Latvia1950,5.82
Latvia1951,5.71
Latvia1952,4.91
Latvia1953,5.99
Latvia1954,5.38
Latvia1955,5.1
Latvia1956,4.05
Latvia1957,6.26
Latvia1958,5.2
Latvia1959,6.42
Latvia1960,5.5
Latvia1961,6.79
Latvia1962,5.06
Latvia1963,4.78
Latvia1964,5.49
Latvia1965,4.74
Latvia1966,5.05
Latvia1967,6.06
Latvia1968,5.22
Latvia1969,4.29
Latvia1970,4.86
Latvia1971,6.08
Latvia1972,6.28
Latvia1973,6.06
Latvia1974,6.5
Latvia1975,7.46
Latvia1976,4.43
Latvia1977,5.4
Latvia1978,4.76
Latvia1979,5.24
Latvia1980,4.77
Latvia1981,5.83
Latvia1982,6.16
Latvia1983,6.94
Latvia1984,6.22
Latvia1985,4.37
Latvia1986,5.58
Latvia1987,4.01
Latvia1988,6.22
Latvia1989,7.63
Latvia1990,7.33
Latvia1991,6.71
Latvia1992,6.99
Latvia1993,5.87
Latvia1994,6.21
Latvia1995,6.58
Latvia1996,5.22
Latvia1997,6.36
Latvia1998,6.16
Latvia1999,7.21
Latvia2000,7.53
Latvia2001,6.64
Latvia2002,7.06
Latvia2003,6.38
Latvia2004,6.46
Latvia2005,6.45
Latvia2006,7.01
Latvia2007,7.29
Latvia2008,7.69
Latvia2009,6.63
Latvia2010,5.65
Latvia2011,7.25
Latvia2012,6.18
Latvia2013,7.08
Latvia2014,7.35
Latvia2015,7.94
Latvia2016,7.08
Latvia2017,6.89
Latvia2018,7.6
Latvia2019,7.97
Latvia2020,8.56
Latvia2021,6.81
Malta1901,18.29
Malta1902,18.4
Malta1903,18.0
Malta1904,18.29
Malta1905,18.02
Malta1906,17.83
Malta1907,17.81
Malta1908,17.98
Malta1909,17.96
Malta1910,17.83
Malta1911,18.49
Malta1912,18.26
Malta1913,18.54
Malta1914,18.09
Malta1915,18.29
Malta1916,18.77
Malta1917,18.31
Malta1918,17.99
Malta1919,18.15
Malta1920,18.76
Malta1921,18.29
Malta1922,18.8
Malta1923,18.38
Malta1924,18.84
Malta1925,18.43
Malta1926,18.86
Malta1927,19.14
Malta1928,18.72
Malta1929,17.96
Malta1930,18.61
Malta1931,18.87
Malta1932,18.67
Malta1933,18.39
Malta1934,18.73
Malta1935,18.56
Malta1936,18.45
Malta1937,18.9
Malta1938,18.28
Malta1939,18.51
Malta1940,18.02
Malta1941,18.29
Malta1942,18.92
Malta1943,19.31
Malta1944,18.47
Malta1945,18.78
Malta1946,18.99
Malta1947,19.38
Malta1948,18.6
Malta1949,18.55
Malta1950,18.86
Malta1951,18.61
Malta1952,19.16
Malta1953,18.28
Malta1954,17.96
Malta1955,19.06
Malta1956,17.96
Malta1957,18.29
Malta1958,18.73
Malta1959,18.43
Malta1960,18.94
Malta1961,18.67
Malta1962,18.52
Malta1963,18.41
Malta1964,18.36
Malta1965,18.26
Malta1966,18.53
Malta1967,18.51
Malta1968,18.62
Malta1969,18.35
Malta1970,18.58
Malta1971,18.15
Malta1972,18.25
Malta1973,18.51
Malta1974,18.22
Malta1975,18.27
Malta1976,17.86
Malta1977,18.82
Malta1978,18.13
Malta1979,18.68
Malta1980,18.05
Malta1981,18.7
Malta1982,19.32
Malta1983,18.76
Malta1984,18.47
Malta1985,19.11
Malta1986,18.99
Malta1987,19.21
Malta1988,19.59
Malta1989,19.07
Malta1990,19.36
Malta1991,18.55
Malta1992,18.75
Malta1993,18.95
Malta1994,19.89
Malta1995,19.1
Malta1996,18.99
Malta1997,19.47
Malta1998,19.29
Malta1999,19.98
Malta2000,19.54
Malta2001,19.97
Malta2002,19.62
Malta2003,19.82
Malta2004,19.38
Malta2005,19.18
Malta2006,19.7
Malta2007,19.73
Malta2008,19.75
Malta2009,19.66
Malta2010,19.9
Malta2011,19.49
Malta2012,19.94
Malta2013,19.83
Malta2014,20.18
Malta2015,20.06
Malta2016,20.25
Malta2017,19.78
Malta2018,20.06
Malta2019,19.92
Malta2020,20.04
Malta2021,20.28
Netherlands1901,8.87
Netherlands1902,8.3
Netherlands1903,9.4
Netherlands1904,9.3
Netherlands1905,9.01
Netherlands1906,9.52
Netherlands1907,9.02
Netherlands1908,8.77
Netherlands1909,8.57
Netherlands1910,9.74
Netherlands1911,10.34
Netherlands1912,9.45
Netherlands1913,9.92
Netherlands1914,9.95
Netherlands1915,9.13
Netherlands1916,9.5
Netherlands1917,8.69
Netherlands1918,9.72
Netherlands1919,8.47
Netherlands1920,9.76
Netherlands1921,10.33
Netherlands1922,8.52
Netherlands1923,9.1
Netherlands1924,8.86
Netherlands1925,9.49
Netherlands1926,9.86
Netherlands1927,9.21
Netherlands1928,9.56
Netherlands1929,8.76
Netherlands1930,9.99
Netherlands1931,9.0
Netherlands1932,9.61
Netherlands1933,9.29
Netherlands1934,10.4
Netherlands1935,9.77
Netherlands1936,9.6
Netherlands1937,9.74
Netherlands1938,9.92
Netherlands1939,9.73
Netherlands1940,8.29
Netherlands1941,8.72
Netherlands1942,8.59
Netherlands1943,10.05
Netherlands1944,9.56
Netherlands1945,10.26
Netherlands1946,9.39
Netherlands1947,9.93
Netherlands1948,10.28
Netherlands1949,10.54
Netherlands1950,9.74
Netherlands1951,9.62
Netherlands1952,8.99
Netherlands1953,9.83
Netherlands1954,8.96
Netherlands1955,8.87
Netherlands1956,8.33
Netherlands1957,9.82
Netherlands1958,9.33
Netherlands1959,10.24
Netherlands1960,9.6
Netherlands1961,9.93
Netherlands1962,8.19
Netherlands1963,7.9
Netherlands1964,9.14
Netherlands1965,8.72
Netherlands1966,9.43
Netherlands1967,9.97
Netherlands1968,9.18
Netherlands1969,9.21
Netherlands1970,9.09
Netherlands1971,9.66
Netherlands1972,8.98
Netherlands1973,9.46
Netherlands1974,9.77
Netherlands1975,9.86
Netherlands1976,9.77
Netherlands1977,9.64
Netherlands1978,8.98
Netherlands1979,8.52
Netherlands1980,9.01
Netherlands1981,9.26
Netherlands1982,10.01
Netherlands1983,10.08
Netherlands1984,9.32
Netherlands1985,8.47
Netherlands1986,8.91
Netherlands1987,8.63
Netherlands1988,10.17
Netherlands1989,10.69
Netherlands1990,10.74
Netherlands1991,9.52
Netherlands1992,10.39
Netherlands1993,9.49
Netherlands1994,10.55
Netherlands1995,10.27
Netherlands1996,8.37
Netherlands1997,10.11
Netherlands1998,10.21
Netherlands1999,10.86
Netherlands2000,10.83
Netherlands2001,10.28
Netherlands2002,10.72
Netherlands2003,10.55
Netherlands2004,10.28
Netherlands2005,10.52
Netherlands2006,10.91
Netherlands2007,11.04
Netherlands2008,10.53
Netherlands2009,10.47
Netherlands2010,9.04
Netherlands2011,10.88
Netherlands2012,10.22
Netherlands2013,9.74
Netherlands2014,11.61
Netherlands2015,10.86
Netherlands2016,10.65
Netherlands2017,10.89
Netherlands2018,11.4
Netherlands2019,11.24
Netherlands2020,11.66
Netherlands2021,10.39
Poland1901,7.74
Poland1902,6.31
Poland1903,8.11
Poland1904,7.47
Poland1905,7.69
Poland1906,8.08
Poland1907,7.08
Poland1908,7.04
Poland1909,7.01
Poland1910,8.35
Poland1911,8.37
Poland1912,7.06
Poland1913,8.11
Poland1914,8.11
Poland1915,7.37
Poland1916,8.12
Poland1917,7.23
Poland1918,8.16
Poland1919,6.98
Poland1920,8.14
Poland1921,8.35
Poland1922,6.64
Poland1923,7.54
Poland1924,6.88
Poland1925,8.14
Poland1926,8.12
Poland1927,7.48
Poland1928,7.5
Poland1929,6.8
Poland1930,8.4
Poland1931,7.11
Poland1932,8.03
Poland1933,6.66
Poland1934,9.28
Poland1935,7.86
Poland1936,8.32
Poland1937,8.35
Poland1938,8.54
Poland1939,8.36
Poland1940,5.7
Poland1941,6.16
Poland1942,6.43
Poland1943,8.29
Poland1944,8.13
Poland1945,7.9
Poland1946,7.9
Poland1947,7.44
Poland1948,8.38
Poland1949,8.71
Poland1950,8.19
Poland1951,8.51
Poland1952,7.33
Poland1953,8.39
Poland1954,7.11
Poland1955,7.28
Poland1956,6.29
Poland1957,8.16
Poland1958,7.75
Poland1959,8.35
Poland1960,7.81
Poland1961,8.41
Poland1962,6.99
Poland1963,6.94
Poland1964,7.39
Poland1965,6.82
Poland1966,8.1
Poland1967,8.66
Poland1968,7.85
Poland1969,6.88
Poland1970,7.14
Poland1971,8.1
Poland1972,7.85
Poland1973,7.92
Poland1974,8.33
Poland1975,8.94
Poland1976,7.24
Poland1977,8.04
Poland1978,7.18
Poland1979,7.43
Poland1980,6.61
Poland1981,7.86
Poland1982,8.36
Poland1983,8.98
Poland1984,7.79
Poland1985,6.82
Poland1986,7.55
Poland1987,6.57
Poland1988,8.19
Poland1989,9.08
Poland1990,9.09
Poland1991,8.15
Poland1992,8.74
Poland1993,7.81
Poland1994,8.88
Poland1995,8.17
Poland1996,6.62
Poland1997,7.86
Poland1998,8.25
Poland1999,8.91
Poland2000,9.46
Poland2001,8.35
Poland2002,9.09
Poland2003,8.39
Poland2004,8.32
Poland2005,8.29
Poland2006,8.67
Poland2007,9.37
Poland2008,9.4
Poland2009,8.68
Poland2010,7.64
Poland2011,8.96
Poland2012,8.57
Poland2013,8.66
Poland2014,9.79
Poland2015,9.79
Poland2016,9.25
Poland2017,9.08
Poland2018,9.96
Poland2019,10.17
Poland2020,10.03
Poland2021,8.75
Portugal1901,14.15
Portugal1902,14.27
Portugal1903,14.45
Portugal1904,14.78
Portugal1905,14.13
Portugal1906,14.46
Portugal1907,14.27
Portugal1908,14.57
Portugal1909,14.21
Portugal1910,14.17
Portugal1911,14.26
Portugal1912,14.22
Portugal1913,14.42
Portugal1914,14.29
Portugal1915,14.39
Portugal1916,14.36
Portugal1917,13.87
Portugal1918,14.34
Portugal1919,14.28
Portugal1920,14.49
Portugal1921,14.76
Portugal1922,14.39
Portugal1923,14.56
Portugal1924,14.76
Portugal1925,14.05
Portugal1926,15.39
Portugal1927,14.75
Portugal1928,14.66
Portugal1929,14.92
Portugal1930,14.86
Portugal1931,14.53
Portugal1932,14.12
Portugal1933,14.59
Portugal1934,14.45
Portugal1935,14.27
Portugal1936,14.23
Portugal1937,15.02
Portugal1938,14.66
Portugal1939,14.38
Portugal1940,14.71
Portugal1941,14.45
Portugal1942,14.87
Portugal1943,15.21
Portugal1944,14.69
Portugal1945,15.61
Portugal1946,14.66
Portugal1947,15.31
Portugal1948,15.58
Portugal1949,15.48
Portugal1950,15.08
Portugal1951,14.63
Portugal1952,14.9
Portugal1953,15.22
Portugal1954,14.72
Portugal1955,15.86
Portugal1956,14.18
Portugal1957,14.8
Portugal1958,15.12
Portugal1959,15.11
Portugal1960,14.93
Portugal1961,15.89
Portugal1962,15.09
Portugal1963,14.73
Portugal1964,15.29
Portugal1965,14.82
Portugal1966,15.07
Portugal1967,14.83
Portugal1968,15.09
Portugal1969,14.47
Portugal1970,15.01
Portugal1971,14.43
Portugal1972,14.04
Portugal1973,14.86
Portugal1974,14.72
Portugal1975,14.72
Portugal1976,14.77
Portugal1977,14.87
Portugal1978,15.06
Portugal1979,14.95
Portugal1980,15.0
Portugal1981,15.65
Portugal1982,15.22
Portugal1983,15.38
Portugal1984,14.74
Portugal1985,15.49
Portugal1986,15.03
Portugal1987,15.72
Portugal1988,15.32
Portugal1989,16.23
Portugal1990,15.92
Portugal1991,15.41
Portugal1992,15.4
Portugal1993,14.78
Portugal1994,15.72
Portugal1995,16.24
Portugal1996,15.38
Portugal1997,16.19
Portugal1998,15.82
Portugal1999,15.54
Portugal2000,15.57
Portugal2001,15.69
Portugal2002,15.57
Portugal2003,16.07
Portugal2004,15.67
Portugal2005,15.7
Portugal2006,16.26
Portugal2007,15.54
Portugal2008,15.56
Portugal2009,16.22
Portugal2010,15.74
Portugal2011,16.23
Portugal2012,15.78
Portugal2013,15.69
Portugal2014,16.2
Portugal2015,16.27
Portugal2016,16.12
Portugal2017,16.52
Portugal2018,15.8
Portugal2019,16.12
Portugal2020,16.42
Portugal2021,16.09
Romania1901,9.17
Romania1902,8.27
Romania1903,9.53
Romania1904,8.91
Romania1905,9.14
Romania1906,9.39
Romania1907,8.53
Romania1908,8.44
Romania1909,9.04
Romania1910,9.89
Romania1911,9.23
Romania1912,8.35
Romania1913,9.01
Romania1914,8.66
Romania1915,9.34
Romania1916,9.89
Romania1917,9.03
Romania1918,9.43
Romania1919,8.86
Romania1920,8.98
Romania1921,9.2
Romania1922,8.48
Romania1923,10.09
Romania1924,8.61
Romania1925,9.59
Romania1926,9.78
Romania1927,9.72
Romania1928,8.92
Romania1929,8.48
Romania1930,10.01
Romania1931,8.87
Romania1932,9.01
Romania1933,7.81
Romania1934,10.33
Romania1935,9.13
Romania1936,9.91
Romania1937,9.91
Romania1938,9.69
Romania1939,9.71
Romania1940,7.45
Romania1941,8.18
Romania1942,8.07
Romania1943,9.3
Romania1944,9.23
Romania1945,9.05
Romania1946,9.84
Romania1947,9.41
Romania1948,9.32
Romania1949,9.48
Romania1950,10.06
Romania1951,10.43
Romania1952,9.82
Romania1953,9.08
Romania1954,8.64
Romania1955,9.28
Romania1956,8.13
Romania1957,9.59
Romania1958,9.72
Romania1959,9.12
Romania1960,9.84
Romania1961,9.74
Romania1962,9.11
Romania1963,8.87
Romania1964,8.57
Romania1965,8.47
Romania1966,10.05
Romania1967,9.4
Romania1968,9.55
Romania1969,8.61
Romania1970,9.31
Romania1971,9.32
Romania1972,9.38
Romania1973,8.96
Romania1974,9.34
Romania1975,9.8
Romania1976,8.36
Romania1977,9.46
Romania1978,8.49
Romania1979,9.57
Romania1980,8.18
Romania1981,9.3
Romania1982,9.19
Romania1983,9.71
Romania1984,8.96
Romania1985,8.13
Romania1986,9.26
Romania1987,8.53
Romania1988,9.19
Romania1989,9.86
Romania1990,10.05
Romania1991,8.95
Romania1992,9.49
Romania1993,8.97
Romania1994,10.61
Romania1995,9.38
Romania1996,9.06
Romania1997,8.82
Romania1998,9.39
Romania1999,10.12
Romania2000,10.53
Romania2001,9.89
Romania2002,10.46
Romania2003,9.49
Romania2004,9.72
Romania2005,9.4
Romania2006,9.64
Romania2007,11.03
Romania2008,10.73
Romania2009,10.78
Romania2010,10.17
Romania2011,9.88
Romania2012,10.57
Romania2013,10.68
Romania2014,11.05
Romania2015,11.09
Romania2016,10.62
Romania2017,10.66
Romania2018,11.21
Romania2019,11.7
Romania2020,11.3
Romania2021,10.35
Slovakia1901,7.45
Slovakia1902,6.57
Slovakia1903,7.9
Slovakia1904,7.71
Slovakia1905,7.6
Slovakia1906,7.74
Slovakia1907,7.23
Slovakia1908,6.97
Slovakia1909,7.25
Slovakia1910,8.18
Slovakia1911,8.25
Slovakia1912,6.97
Slovakia1913,7.62
Slovakia1914,7.38
Slovakia1915,7.55
Slovakia1916,8.37
Slovakia1917,7.42
Slovakia1918,8.15
Slovakia1919,7.13
Slovakia1920,8.04
Slovakia1921,8.2
Slovakia1922,6.81
Slovakia1923,8.06
Slovakia1924,6.93
Slovakia1925,7.88
Slovakia1926,8.38
Slovakia1927,7.92
Slovakia1928,7.86
Slovakia1929,7.06
Slovakia1930,8.46
Slovakia1931,7.3
Slovakia1932,7.77
Slovakia1933,6.63
Slovakia1934,9.25
Slovakia1935,7.78
Slovakia1936,8.18
Slovakia1937,8.31
Slovakia1938,8.17
Slovakia1939,8.15
Slovakia1940,5.67
Slovakia1941,6.5
Slovakia1942,6.86
Slovakia1943,8.15
Slovakia1944,7.86
Slovakia1945,8.11
Slovakia1946,8.3
Slovakia1947,7.97
Slovakia1948,8.25
Slovakia1949,8.45
Slovakia1950,8.49
Slovakia1951,8.93
Slovakia1952,7.8
Slovakia1953,8.25
Slovakia1954,7.13
Slovakia1955,7.36
Slovakia1956,6.62
Slovakia1957,8.2
Slovakia1958,8.09
Slovakia1959,8.16
Slovakia1960,8.05
Slovakia1961,8.5
Slovakia1962,7.15
Slovakia1963,7.09
Slovakia1964,7.25
Slovakia1965,6.79
Slovakia1966,8.43
Slovakia1967,8.42
Slovakia1968,8.03
Slovakia1969,7.4
Slovakia1970,7.52
Slovakia1971,8.0
Slovakia1972,8.0
Slovakia1973,7.84
Slovakia1974,8.46
Slovakia1975,8.67
Slovakia1976,7.65
Slovakia1977,8.24
Slovakia1978,7.17
Slovakia1979,8.07
Slovakia1980,6.75
Slovakia1981,8.13
Slovakia1982,8.26
Slovakia1983,8.87
Slovakia1984,7.73
Slovakia1985,6.99
Slovakia1986,7.73
Slovakia1987,7.25
Slovakia1988,8.1
Slovakia1989,8.59
Slovakia1990,8.79
Slovakia1991,7.67
Slovakia1992,8.68
Slovakia1993,8.08
Slovakia1994,9.31
Slovakia1995,8.19
Slovakia1996,6.99
Slovakia1997,7.79
Slovakia1998,8.35
Slovakia1999,8.65
Slovakia2000,9.46
Slovakia2001,8.35
Slovakia2002,9.12
Slovakia2003,8.51
Slovakia2004,8.26
Slovakia2005,7.95
Slovakia2006,8.42
Slovakia2007,9.44
Slovakia2008,9.45
Slovakia2009,9.12
Slovakia2010,8.1
Slovakia2011,8.84
Slovakia2012,9.01
Slovakia2013,8.94
Slovakia2014,10.07
Slovakia2015,9.82
Slovakia2016,9.2
Slovakia2017,9.08
Slovakia2018,10.05
Slovakia2019,10.14
Slovakia2020,9.63
Slovakia2021,8.78
Slovenia1901,7.79
Slovenia1902,7.78
Slovenia1903,8.28
Slovenia1904,8.65
Slovenia1905,8.13
Slovenia1906,8.05
Slovenia1907,8.08
Slovenia1908,7.68
Slovenia1909,7.71
Slovenia1910,8.39
Slovenia1911,8.83
Slovenia1912,7.92
Slovenia1913,8.22
Slovenia1914,7.9
Slovenia1915,8.05
Slovenia1916,8.95
Slovenia1917,7.96
Slovenia1918,8.45
Slovenia1919,7.78
Slovenia1920,9.09
Slovenia1921,8.97
Slovenia1922,7.97
Slovenia1923,8.67
Slovenia1924,7.97
Slovenia1925,8.21
Slovenia1926,8.99
Slovenia1927,8.88
Slovenia1928,8.71
Slovenia1929,8.12
Slovenia1930,9.04
Slovenia1931,7.98
Slovenia1932,8.48
Slovenia1933,7.52
Slovenia1934,9.52
Slovenia1935,8.31
Slovenia1936,8.77
Slovenia1937,8.6
Slovenia1938,8.46
Slovenia1939,8.52
Slovenia1940,6.98
Slovenia1941,7.46
Slovenia1942,8.14
Slovenia1943,9.08
Slovenia1944,8.14
Slovenia1945,8.9
Slovenia1946,9.12
Slovenia1947,9.05
Slovenia1948,9.01
Slovenia1949,9.14
Slovenia1950,9.37
Slovenia1951,9.39
Slovenia1952,8.52
Slovenia1953,8.91
Slovenia1954,7.92
Slovenia1955,8.14
Slovenia1956,7.6
Slovenia1957,8.94
Slovenia1958,9.1
Slovenia1959,9.1
Slovenia1960,8.8
Slovenia1961,9.39
Slovenia1962,7.77
Slovenia1963,8.18
Slovenia1964,8.5
Slovenia1965,8.04
Slovenia1966,9.07
Slovenia1967,9.06
Slovenia1968,8.65
Slovenia1969,8.24
Slovenia1970,8.22
Slovenia1971,8.64
Slovenia1972,8.5
Slovenia1973,8.42
Slovenia1974,8.93
Slovenia1975,9.18
Slovenia1976,8.44
Slovenia1977,9.07
Slovenia1978,7.86
Slovenia1979,8.68
Slovenia1980,7.87
Slovenia1981,8.59
Slovenia1982,9.09
Slovenia1983,9.23
Slovenia1984,8.26
Slovenia1985,8.26
Slovenia1986,8.44
Slovenia1987,8.41
Slovenia1988,9.13
Slovenia1989,9.3
Slovenia1990,9.5
Slovenia1991,8.62
Slovenia1992,9.76
Slovenia1993,9.2
Slovenia1994,10.46
Slovenia1995,9.17
Slovenia1996,8.45
Slovenia1997,9.44
Slovenia1998,9.56
Slovenia1999,9.59
Slovenia2000,10.4
Slovenia2001,9.58
Slovenia2002,10.19
Slovenia2003,9.86
Slovenia2004,9.15
Slovenia2005,8.78
Slovenia2006,9.67
Slovenia2007,10.3
Slovenia2008,10.15
Slovenia2009,10.05
Slovenia2010,9.12
Slovenia2011,10.3
Slovenia2012,10.23
Slovenia2013,9.88
Slovenia2014,10.72
Slovenia2015,10.57
Slovenia2016,10.14
Slovenia2017,10.12
Slovenia2018,10.98
Slovenia2019,10.88
Slovenia2020,10.55
Slovenia2021,9.9
Sweden1901,2.32
Sweden1902,0.29
Sweden1903,2.11
Sweden1904,1.28
Sweden1905,1.92
Sweden1906,2.41
Sweden1907,1.94
Sweden1908,2.0
Sweden1909,1.29
Sweden1910,2.62
Sweden1911,2.65
Sweden1912,1.53
Sweden1913,2.46
Sweden1914,2.92
Sweden1915,0.13
Sweden1916,1.73
Sweden1917,1.02
Sweden1918,2.2
Sweden1919,1.27
Sweden1920,3.1
Sweden1921,2.45
Sweden1922,1.29
Sweden1923,1.32
Sweden1924,2.07
Sweden1925,2.37
Sweden1926,1.66
Sweden1927,1.61
Sweden1928,1.54
Sweden1929,1.97
Sweden1930,3.57
Sweden1931,1.54
Sweden1932,2.97
Sweden1933,2.61
Sweden1934,4.1
Sweden1935,2.61
Sweden1936,2.72
Sweden1937,3.16
Sweden1938,4.08
Sweden1939,2.68
Sweden1940,0.82
Sweden1941,0.63
Sweden1942,0.5
Sweden1943,3.37
Sweden1944,2.82
Sweden1945,2.59
Sweden1946,2.63
Sweden1947,1.75
Sweden1948,2.85
Sweden1949,3.57
Sweden1950,2.59
Sweden1951,2.1
Sweden1952,1.26
Sweden1953,3.57
Sweden1954,2.31
Sweden1955,1.11
Sweden1956,0.85
Sweden1957,2.35
Sweden1958,1.45
Sweden1959,3.37
Sweden1960,2.1
Sweden1961,3.21
Sweden1962,1.35
Sweden1963,1.9
Sweden1964,2.53
Sweden1965,1.4
Sweden1966,0.77
Sweden1967,2.41
Sweden1968,1.47
Sweden1969,1.56
Sweden1970,1.42
Sweden1971,2.12
Sweden1972,2.93
Sweden1973,2.54
Sweden1974,3.35
Sweden1975,3.56
Sweden1976,1.61
Sweden1977,1.79
Sweden1978,1.26
Sweden1979,1.39
Sweden1980,1.38
Sweden1981,1.18
Sweden1982,2.47
Sweden1983,2.7
Sweden1984,2.69
Sweden1985,0.31
Sweden1986,1.66
Sweden1987,0.81
Sweden1988,2.54
Sweden1989,3.87
Sweden1990,3.91
Sweden1991,2.97
Sweden1992,3.37
Sweden1993,2.42
Sweden1994,2.44
Sweden1995,2.57
Sweden1996,1.9
Sweden1997,3.2
Sweden1998,2.36
Sweden1999,3.04
Sweden2000,3.91
Sweden2001,2.65
Sweden2002,3.19
Sweden2003,3.14
Sweden2004,3.17
Sweden2005,3.5
Sweden2006,3.76
Sweden2007,3.6
Sweden2008,3.75
Sweden2009,3.09
Sweden2010,1.24
Sweden2011,3.96
Sweden2012,2.48
Sweden2013,3.32
Sweden2014,4.18
Sweden2015,3.91
Sweden2016,3.44
Sweden2017,3.16
Sweden2018,3.62
Sweden2019,3.34
Sweden2020,4.47
Sweden2021,3.02
